id;nome;data;id_users
1;Carlos;01/07/2020;1
3;Fernando;01/07/2020;2
4;Henrique;01/07/2020;3
5;Lucas;07/07/2020;4
6;Fabiano;05/07/2020;5
7;Soraia;05/07/2020;6
8;Fernanda;06/07/2020;7
9;Karla;06/07/2020;8
10;Francisca;06/07/2020;9
11;Eunice;09/07/2020;10
12;Jose;09/07/2020;11
13;Jose Carlos;09/07/2020;12
14;Eduardo;10/07/2020;13
15;Kelvin;10/07/2020;14
16;Henrique Lucas;11/07/2020;15
17;Gabriel Luca;11/07/2020;16
18;William;12/07/2020;17
19;Amanda;13/07/2020;18
20;Rafaela;14/07/2020;19
21;Matheus;14/07/2020;20
22;Matheus Henrique;15/07/2020;21
23;Matheus Eduardo;15/07/2020;22
24;Mateus;18/07/2020;23
25;Fernando Henrique;18/07/2020;24
26;Luiz;18/07/2020;25
27;Antonio;20/07/2020;26
28;Severina;20/07/2020;27
29;Josefa;20/07/2020;28
30;Marcia;20/07/2020;29
31;Maciel;20/07/2020;30
32;Lula;21/07/2020;31
33;Jair;21/07/2020;32
34;Esmael;21/07/2020;33
35;Zyad;21/07/2020;34
36;Leonardo;22/07/2020;35
37;Francisco Alberto;23/07/2020;36
38;Albert;24/07/2020;37
39;Michael;25/07/2020;38
40;Travis;26/07/2020;39
41;Kelly;27/07/2020;40
42;Jenner;28/07/2020;41
43;Scott;29/07/2020;42
44;Drake;30/07/2020;43
45;Anitta;30/07/2020;44
46;Ludmila;07/07/2020;45
47;Lucas;07/07/2020;46
48;Pedro;06/07/2020;47
49;Pedro henrique;04/07/2020;48
50;Erik;04/07/2020;49
51;Marcelo;02/07/2020;50
52;Lucy;02/07/2020;51
53;Patricia;02/07/2020;52
54;Elaine;13/07/2020;53
55;Eliane;13/07/2020;54
